{
    "status":200,
    "data":[{
        "id":"bui1",
        "title":"雷军回应小米对标苹果遭冷嘲热讽",
        "image":"images/aimg1.jpeg",
        "desc":"12月28日，小米12发布会上，小米正式宣布对标苹果。雷军说，自从宣布对标苹果后遭到部分网友冷嘲热讽，他认为国产手机就应该有去和苹果比较的勇气。他还说，不比不知道，一比就会觉得国产手机的实力比想象中要强。",
        "content":"<p>12月28日，小米12发布会上，小米正式宣布对标苹果。雷军说，自从宣布对标苹果后遭到部分网友冷嘲热讽，他认为国产手机就应该有去和苹果比较的勇气。他还说，不比不知道，一比就会觉得国产手机的实力比想象中要强。</p><p>同时，他还宣布，小米研发投入将从500亿提高到1000亿，5年消耗完成。</p>"
    },{
        "id":"bui2",
        "title":"“刷手支付”来了？腾讯掌纹支付设备专利获授权",
        "image":"images/aimg2.jpeg",
        "desc":"专利摘要显示，本申请公开了一种扫描设备和支付设备，涉及扫描技术领域。所述扫描设备包括壳体、摄像头组件和底座，摄像头组件包括用于识别身份信息的摄像头，身份信息包括二维码信息、掌纹信息、掌静脉信息中的至少两种。",
        "content":"<p>专利摘要显示，本申请公开了一种扫描设备和支付设备，涉及扫描技术领域。所述扫描设备包括壳体、摄像头组件和底座，摄像头组件包括用于识别身份信息的摄像头，身份信息包括二维码信息、掌纹信息、掌静脉信息中的至少两种。</p><p>从专利设备图可以看到，该设备采用斜侧放置，有两个摄像头组件，可以扫描人的掌纹，从而识别身份。</p>"
    },{
        "id":"bui3",
        "title":"华为回应6亿元成立精密制造公司：不生产芯片",
        "image":"images/aimg3.jpeg",
        "desc":"12月28日，华为精密制造有限公司成立。根据企查查APP显示，上述公司法定代表人为李建国，注册资本6亿元人民币，经营范围包含：光通信设备制造；光电子器件制造；电子元器件制造；半导体分立器件制造等。企查查股权穿透显示，该公司由华为技术有限公司100%控股。",
        "content":"<p>12月28日，华为精密制造有限公司成立。根据企查查APP显示，上述公司法定代表人为李建国，注册资本6亿元人民币，经营范围包含：光通信设备制造；光电子器件制造；电子元器件制造；半导体分立器件制造等。企查查股权穿透显示，该公司由华为技术有限公司100%控股。</p><p>28日午间，第一财经记者从华为内部人士独家获悉，精密制造有限公司具备一定规模的量产和小批量试制（能力），但主要用于满足华为自有产品的系统集成需求。 “我们不生产芯片，主要业务是华为无线、数字能源等产品的部分核心器件、模组、部件的精密制造，包括组装与封测。”上述人士表示，经营范围中提及的“半导体分立器件“主要是分立器件的封装、测试。</p>"
    }]
}